<?xml version="1.0" encoding="UTF-8"?>
<!DOCTYPE mapper PUBLIC "-//ibatis.apache.org//DTD Mapper 3.0//EN"
        "http://mybatis.org/dtd/mybatis-3-mapper.dtd">
<mapper namespace="com.RegExp.demo.mapper.RegExpMatchsMapper">
    <resultMap type="com.RegExp.demo.entity.Base_Regular_Configuration" id="RegExp">
        <id column="id" property="id"/>
        <result column="code_type" property="codeType"/>
        <result column="bar_code" property="barCode"/>
        <result column="regular_code" property="regularCode"/>
        <result column="code_type" property="codeType"/>
        <result column="regular_content" property="regularContent"/>
        <result column="production_line_code" property="productionLineCode"/>
        <result column="production_line_desc" property="productionLineName"/>
        <result column="work_cell_code" property="workCellCode"/>
        <result column="work_cell_desc" property="workCellName"/>
        <result column="is_common" property="isCommon"/>
        <result column="active" property="active"/>
        <result column="is_check" property="isCheck"/>
        <result column="site_code" property="siteCode"/>
        <result column="create_date" property="createDate"/>
        <result column="create_by" property="createBy"/>
        <result column="last_update_date" property="lastUpdateDate"/>
        <result column="last_update_by" property="lastUpdateBy"/>
        <!--            <result column="Enterprise_Code" property="EnterpriseCode"/>-->
        <!--            <result column="Site_Id" property="SiteId"/>-->
        <!--            <result column="Enterprise_Id" property="EnterpriseId"/>-->
        <!--           👇  实体类嵌套实体类   👇         -->
        <!--            <association property="pmProductionLinesT" javaType="com.RegExp.demo.entity.Pm_Production_Lines_t">-->
        <!--                <result column="Production_Line_Code" property="ProductionLineCode"/>-->
        <!--                <result column="Production_Line_Desc" property="ProductionLineDesc"/>-->
        <!--            </association>-->
        <!--            <association property="pmWorkCellsT" javaType="com.RegExp.demo.entity.Pm_Work_Cells_t">-->
        <!--                <result column="Work_Cell_Code" property="WorkCellCode"/>-->
        <!--                <result column="Work_Cell_Desc" property="WorkCellDesc"/>-->
        <!--            </association>-->
    </resultMap>
    <sql id="reg_common_fileds">
        t.id,t.regular_code,t.bar_code,t.regular_content,t.code_type,t.is_check,IF(t.is_common='',0,t.is_common) is_common,IF(t.is_check='',0,t.is_check) is_check,t.production_line_code,t.work_cell_code,t.create_date,t.create_by,t.last_update_date,t.last_update_by
    </sql>
    <sql id="limit_common">
        <if test="pageNum != 0 or pageSize != 0">
            LIMIT #{pageNum},#{pageSize}
        </if>
    </sql>
    <select id="findRegularTotalCount" resultType="int">
        SELECT COUNT(1) FROM base_regular_configuration WHERE active=1 AND site_code =
        #{baseRegularConfiguration.siteCode}
        <if test="baseRegularConfiguration.regularCode != null and baseRegularConfiguration.regularCode != ''">
            AND regular_code LIKE CONCAT('%',#{baseRegularConfiguration.regularCode},'%')
        </if>
        <if test="baseRegularConfiguration.regularContent != null and baseRegularConfiguration.regularContent != ''">
            AND regular_content LIKE CONCAT('%',#{baseRegularConfiguration.regularContent},'%')
        </if>
        <if test="baseRegularConfiguration.codeType != null and baseRegularConfiguration.codeType != ''">
            AND code_type LIKE CONCAT('%',#{baseRegularConfiguration.codeType},'%')
        </if>
        <if test="baseRegularConfiguration.isCommon != null and baseRegularConfiguration.isCommon != ''">
            AND is_common = #{baseRegularConfiguration.isCommon}
        </if>
        <if test="baseRegularConfiguration.productionLineCode != null and baseRegularConfiguration.productionLineCode != ''">
            AND production_line_code = #{baseRegularConfiguration.productionLineCode}
        </if>
        <if test="baseRegularConfiguration.workCellCode != null and baseRegularConfiguration.workCellCode != ''">
            AND work_cell_code = #{baseRegularConfiguration.workCellCode}
        </if>
    </select>
    <select id="findRegular" resultMap="RegExp">
        SELECT
        <include refid="reg_common_fileds"/>
        ,l.production_line_desc,cell.work_cell_desc,t.active
        FROM base_regular_configuration t
        LEFT JOIN pm_production_lines_t l ON l.production_line_code = t.production_line_code
        LEFT JOIN pm_work_cells_t cell ON cell.work_Cell_Code = t.work_cell_code
        WHERE t.active=1 AND t.site_code = #{baseRegularConfiguration.siteCode}
        <if test="baseRegularConfiguration.regularCode != null and baseRegularConfiguration.regularCode != ''">
            AND t.regular_code LIKE CONCAT('%',#{baseRegularConfiguration.regularCode},'%')
        </if>
        <if test="baseRegularConfiguration.regularContent != null and baseRegularConfiguration.regularContent != ''">
            AND regular_content LIKE CONCAT('%',#{baseRegularConfiguration.regularContent},'%')
        </if>
        <if test="baseRegularConfiguration.codeType != null and baseRegularConfiguration.codeType != ''">
            AND t.code_type LIKE CONCAT('%',#{baseRegularConfiguration.codeType},'%')
        </if>
        <if test="baseRegularConfiguration.isCommon != null and baseRegularConfiguration.isCommon != ''">
            AND t.is_common = #{baseRegularConfiguration.isCommon}
            <if test="baseRegularConfiguration.isCommon == '0'">
                OR (t.is_common = '' OR t.is_common IS NULL)
            </if>
        </if>
        <if test="baseRegularConfiguration.productionLineCode != null and baseRegularConfiguration.productionLineCode != ''">
            AND t.production_line_code = #{baseRegularConfiguration.productionLineCode}
        </if>
        <if test="baseRegularConfiguration.workCellCode != null and baseRegularConfiguration.workCellCode != ''">
            AND t.work_cell_code = #{baseRegularConfiguration.workCellCode}
        </if>
        ORDER BY t.create_date
        <include refid="limit_common"/>
    </select>

    <select id="getRepeatRegularTotalCount" resultType="int">
        SELECT COUNT(1)
        FROM base_regular_configuration
        WHERE regular_code IN (SELECT regular_code
                               FROM base_regular_configuration
                               WHERE site_code = #{siteCode}
                                 AND active = '1'
                               GROUP BY regular_code
                               HAVING COUNT(1) > 1)
    </select>
    <select id="getUnionRepeatRegularTotalCount" resultType="int">
        SELECT COUNT(1)
        FROM (SELECT 1
              FROM base_regular_configuration
              WHERE site_code = #{siteCode}
              GROUP BY regular_code AND active = '1'
              HAVING COUNT(1) > 1) t
    </select>

    <select id="getRepeatRegular" resultMap="RegExp">
        SELECT
        <include refid="reg_common_fileds"/>
        ,l.production_line_desc,cell.work_cell_desc,t.active
        FROM base_regular_configuration t
        LEFT JOIN pm_production_lines_t l ON l.production_line_code = t.production_line_code
        LEFT JOIN pm_work_cells_t cell ON cell.work_Cell_Code = t.work_cell_code
        WHERE 1=1
        AND t.site_code = #{siteCode}
        AND t.regular_code IN (SELECT regular_code
        FROM base_regular_configuration
        WHERE site_code = #{siteCode}
        GROUP BY regular_code
        HAVING COUNT(1) > 1)
        ORDER BY t.regular_code,t.create_date
        <include refid="limit_common"/>
    </select>

    <select id="exportRegular" resultMap="RegExp">
        SELECT
        <include refid="reg_common_fileds"/>
        ,l.production_line_desc,cell.work_cell_desc,t.active
        FROM base_regular_configuration t
        LEFT JOIN pm_production_lines_t l ON l.production_line_code = t.production_line_code
        LEFT JOIN pm_work_cells_t cell ON cell.work_Cell_Code = t.work_cell_code
        WHERE 1=1 AND t.active=1 AND t.site_code = #{siteCode}
        <if test="ids != null and ids.length>0">
            <foreach collection="ids" item="id" open="AND t.id IN (" close=")" separator=",">
                #{id}
            </foreach>
        </if>
        ORDER BY t.create_date
    </select>

    <select id="findRegularTest" resultMap="RegExp">
        SELECT
        <include refid="reg_common_fileds"/>
        ,t.active
        FROM base_regular_configuration t
        WHERE t.active=1 AND t.site_code = #{siteCode}
        <if test="isCommon != null and isCommon != ''">
            AND t.is_common = #{isCommon}
        </if>
        <if test="productionLineCode != null and productionLineCode != ''">
            AND t.production_line_code = #{productionLineCode}
        </if>
        <if test="workCellCode != null and workCellCode != ''">
            AND t.work_cell_code = #{workCellCode}
        </if>
        ORDER BY t.create_date
        <include refid="limit_common"/>
    </select>

</mapper>