<?xml version="1.0" encoding="UTF-8"?>
<!DOCTYPE mapper PUBLIC "-//ibatis.apache.org//DTD Mapper 3.0//EN"
        "http://mybatis.org/dtd/mybatis-3-mapper.dtd">
<mapper namespace="com.RegExp.demo.mapper.BnsPmOperation">
        <resultMap type="com.RegExp.demo.entity.Bns_Pm_Operation" id="BarcodeEnt">
            <id column="id" property="id"/>
            <result column="WorkUser_BarCode" property="workuserBarcode"/>
            <result column="WorkUser_RandomBarCode" property="workuserRandomBarCode"/>
            <result column="Cipher" property="cipher"/>
            <result column="site_code" property="siteCode"/>
        </resultMap>
    <select id="getBarcode" resultMap="BarcodeEnt">
        SELECT
            WorkUser_BarCode,WorkUser_RandomBarCode,Cipher
        FROM bns_pm_operation
        WHERE 1=1
        AND site_code = #{siteCode}
    </select>

    <select id="validateJYM" parameterType="java.lang.String" resultType="java.lang.Boolean">
        SELECT COUNT(Cipher) FROM bns_pm_operation WHERE Cipher = #{jym}
<!--        UNION-->
<!--        SELECT Cipher FROM bns_pm_operation_archive WHERE Cipher = #{jym}-->
<!--        UNION-->
<!--        SELECT Cipher FROM bns_pm_operation_archive2020 WHERE Cipher = #{jym}-->
<!--        UNION-->
<!--        SELECT Cipher FROM bns_pm_operation_archive2021 WHERE Cipher = #{jym}-->
<!--        UNION-->
<!--        SELECT Cipher FROM bns_pm_operation_archive202110 WHERE Cipher = #{jym}-->
<!--        UNION-->
<!--        SELECT Cipher FROM bns_pm_operation_archive202112 WHERE Cipher = #{jym}-->
<!--        UNION-->
<!--        SELECT Cipher FROM bns_pm_operation_archive2022 WHERE Cipher = #{jym}-->
<!--        UNION-->
<!--        SELECT Cipher FROM bns_pm_operation_archive202203 WHERE Cipher = #{jym}-->
<!--        UNION-->
<!--        SELECT Cipher FROM bns_pm_operation_archive202204 WHERE Cipher = #{jym}-->
        LIMIT 1
    </select>

    <update id="saveCipher">
--         UPDATE bns_pm_operation SET Cipher=#{cipher} WHERE WorkUser_RandomBarCode=#{workuserRandomBarCode}
SELECT bns_pm_operation WHERE WorkUser_RandomBarCode=#{workuserRandomBarCode}
    </update>
</mapper>