<?xml version="1.0" encoding="UTF-8"?>
<!DOCTYPE mapper PUBLIC "-//ibatis.apache.org//DTD Mapper 3.0//EN"
        "http://mybatis.org/dtd/mybatis-3-mapper.dtd">
<mapper namespace="com.RegExp.demo.mapper.DBSourceMapper">
    <resultMap type="com.RegExp.demo.entity.DB_Info" id="db_info">
        <result column="site_code" property="siteCode"/>
        <result column="site_name" property="siteName"/>
        <result column="db_url" property="dbUrl"/>
    </resultMap>
    <select id="getDB" resultMap="db_info">
        SELECT * FROM base_db_info WHERE Active=1
        <if test="siteCode != null and siteCode != ''">
            AND site_code = #{siteCode}
        </if>
    </select>
    <select id="getDBCodeName" resultMap="db_info">
        SELECT site_code,site_name site_name FROM base_db_info WHERE Active=1
    </select>
</mapper>