<?xml version="1.0" encoding="UTF-8"?>
<!DOCTYPE mapper PUBLIC "-//ibatis.apache.org//DTD Mapper 3.0//EN"
        "http://mybatis.org/dtd/mybatis-3-mapper.dtd">
<mapper namespace="com.RegExp.demo.mapper.PmProductionLinesTMapper">
    <resultMap type="com.RegExp.demo.entity.Pm_Production_Lines_t" id="lineList">
        <id column="Production_Line_Id" property="ProductionLineId"/>
        <result column="Production_Line_Code" property="ProductionLineCode"/>
        <result column="Production_Line_Desc" property="ProductionLineDesc"/>
<!--        嵌套实体类      -->
<!--        <association property="pmWorkCellsT" javaType="com.RegExp.demo.entity.Pm_Work_Cells_t">-->
<!--            <result column="Work_Cell_Code" property="WorkCellCode"/>-->
<!--            <result column="Work_Cell_Desc" property="WorkCellDesc"/>-->
<!--        </association>-->
    </resultMap>
    <select id="findAllLines" resultMap="lineList" >
        SELECT
        Production_Line_Id,Production_line_code,Production_line_desc
        FROM pm_production_lines_t
        WHERE Active = 1
        <if test="siteCode != null and siteCode != ''">
            AND site_code =#{siteCode}
        </if>
    </select>

</mapper>