<?xml version="1.0" encoding="UTF-8"?>
<!DOCTYPE mapper PUBLIC "-//ibatis.apache.org//DTD Mapper 3.0//EN"
        "http://mybatis.org/dtd/mybatis-3-mapper.dtd">
<mapper namespace="com.RegExp.demo.mapper.PmWorkCellsTMapper">
    <resultMap type="com.RegExp.demo.entity.Pm_Work_Cells_t" id="CellList">
        <id column="Production_Line_Id" property="ProductionLineId"/>
        <result column="Work_Cell_Code" property="WorkCellCode"/>
        <result column="Work_Cell_Desc" property="WorkCellDesc"/>
    </resultMap>

    <select id="findAllCells" resultMap="CellList">
        SELECT
        Production_Line_Id,work_cell_code,work_cell_desc
        FROM pm_work_cells_t
        WHERE Active = 1
        <if test="siteCode != null and siteCode != ''">
            AND site_code =#{siteCode}
        </if>
        <if test="siteCode != null and siteCode != ''">
            AND production_line_id =#{productionlineId}
        </if>
    </select>

</mapper>